"Authors","Author full names","Author(s) ID","Title","Year","Source title","Cited by","DOI","Link","Affiliations","Authors with affiliations"
"Ardiyanto S.Y.; Gusliana H.B.; Nurkadri; Novita; Bahriyanto A.; Setyawan H.; Putro B.N.; Harmanto; Darmawan A.; Tafuri F.; Latino F.","Ardiyanto, Syaifullah Yophi (57207819958); Gusliana, H.B. (58932106700); Nurkadri (57212312660); Novita (60617708400); Bahriyanto, Ahmad (59312000800); Setyawan, Hendra (58671015400); Putro, Baskoro Nugroho (59971659800); Harmanto (57201196847); Darmawan, Arief (59936720500); Tafuri, Francesco (58220934100); Latino, Francesca (57211438855)","57207819958; 58932106700; 57212312660; 60617708400; 59312000800; 58671015400; 59971659800; 57201196847; 59936720500; 58220934100; 57211438855","Article RETRACTED due to manipulation by the authors and citations Legal and social perspectives on the phenomena of supporter violence in sport; [Article RETRACTED due to manipulation by the authors and citations Perspectivas jurídicas y sociales del fenómeno de la violencia de los hinchas en el deporte]","2024","Retos","12","10.47197/retos.v60.108804","https://www.scopus.com/pages/publications/85202994834?origin=resultslist","Universitas Riau, Indonesia; Universitas Negeri Medan, Indonesia; Universitas Muhammadiyah Jember, Indonesia; Universitas Negeri Yogyakarta, Indonesia; Universitas Sebelas Maret, Indonesia; Universitas Negeri Surabaya, Indonesia; Universitas Negeri Malang, Indonesia; Niccolò Cusano University, Italy; Pegaso University, Italy","Ardiyanto S.Y., Universitas Riau, Indonesia; Gusliana H.B., Universitas Riau, Indonesia; Nurkadri, Universitas Negeri Medan, Indonesia; Novita, Universitas Negeri Medan, Indonesia; Bahriyanto A., Universitas Muhammadiyah Jember, Indonesia; Setyawan H., Universitas Negeri Yogyakarta, Indonesia; Putro B.N., Universitas Sebelas Maret, Indonesia; Harmanto, Universitas Negeri Surabaya, Indonesia; Darmawan A., Universitas Negeri Malang, Indonesia; Tafuri F., Niccolò Cusano University, Italy; Latino F., Pegaso University, Italy"
"Gusliana H.B.; Ardiyanto S.Y.; Nurkadri; Novita; Widiyanto W.E.; Setyawan H.; Putro B.N.; Harmanto; Darmawan A.; Radulovic N.","Gusliana, H.B. (58932106700); Ardiyanto, Syaifullah Yophi (57207819958); Nurkadri (57212312660); Novita (60617708400); Widiyanto, Wahyu Eko (59307956100); Setyawan, Hendra (58671015400); Putro, Baskoro Nugroho (59971659800); Harmanto (57201196847); Darmawan, Arief (59936720500); Radulovic, Nikola (57062264800)","58932106700; 57207819958; 57212312660; 60617708400; 59307956100; 58671015400; 59971659800; 57201196847; 59936720500; 57062264800","Article RETRACTED due to manipulation by the authors and citations Ensuring fairness and transparency in sports through compliance to legal principles and ethical standards; [Article RETRACTED due to manipulation by the authors and citations Garantizar la equidad y la transparencia en el deporte mediante el respeto de los principios jurídicos y las normas éticas]","2024","Retos","11","10.47197/retos.v60.108935","https://www.scopus.com/pages/publications/85202774775?origin=resultslist","Universitas Riau, Indonesia; Universitas Negeri Medan, Indonesia; Universitas Muhammadiyah Jember, Indonesia; Universitas Negeri Yogyakarta, Indonesia; Universitas Sebelas Maret, Indonesia; Universitas Negeri Surabaya, Indonesia; Universitas Negeri Malang, Indonesia; University of Novi Sad, Serbia","Gusliana H.B., Universitas Riau, Indonesia; Ardiyanto S.Y., Universitas Riau, Indonesia; Nurkadri, Universitas Negeri Medan, Indonesia; Novita, Universitas Negeri Medan, Indonesia; Widiyanto W.E., Universitas Muhammadiyah Jember, Indonesia; Setyawan H., Universitas Negeri Yogyakarta, Indonesia; Putro B.N., Universitas Sebelas Maret, Indonesia; Harmanto, Universitas Negeri Surabaya, Indonesia; Darmawan A., Universitas Negeri Malang, Indonesia; Radulovic N., University of Novi Sad, Serbia"
"Ibrahim; Manik S.; Gultom S.R.; Nurkadri; Widiyanto W.E.; Hamsyah K.; Ardiyanto S.Y.; Pavlovic R.","Ibrahim (57224961266); Manik, Syahputra (57222611212); Gultom, Siti Rahima (59727667400); Nurkadri (57212312660); Widiyanto, Wahyu Eko (59307956100); Hamsyah, Khairul (59152369400); Ardiyanto, Syaifullah Yophi (57207819958); Pavlovic, Ratko (55601723700)","57224961266; 57222611212; 59727667400; 57212312660; 59307956100; 59152369400; 57207819958; 55601723700","Development of a Sports Training Program Planning Information System (SIPRENPOL)","2025","Sport TK","1","10.6018/sportk.656171","https://www.scopus.com/pages/publications/105002173729?origin=resultslist","Faculty of Sports Science, Universitas Negeri Medan, Indonesia; Faculty of Teacher Training and Education, Universitas Muhammadiyah Jember, Indonesia; Faculty of Sport and Health Sciences, Universitas Negeri Yogyakarta, Indonesia; Universitas Riau, Indonesia; University of East Sarajevo, Bosnia and Herzegovina","Ibrahim, Faculty of Sports Science, Universitas Negeri Medan, Indonesia; Manik S., Faculty of Sports Science, Universitas Negeri Medan, Indonesia; Gultom S.R., Faculty of Sports Science, Universitas Negeri Medan, Indonesia; Nurkadri, Faculty of Sports Science, Universitas Negeri Medan, Indonesia; Widiyanto W.E., Faculty of Teacher Training and Education, Universitas Muhammadiyah Jember, Indonesia; Hamsyah K., Faculty of Sport and Health Sciences, Universitas Negeri Yogyakarta, Indonesia; Ardiyanto S.Y., Universitas Riau, Indonesia; Pavlovic R., University of East Sarajevo, Bosnia and Herzegovina"
"Daryanto; Windiarti I.S.; Rintyarna B.S.","Daryanto (59744182400); Windiarti, Ika Safitri (54947306100); Rintyarna, Bagus Setya (57191611739)","59744182400; 54947306100; 57191611739","Social Implications of Technological Advancements in Sentiment Analysis: A Literature Review on Potential and Consequences over the Next 20 Years †","2025","Engineering Proceedings","2","10.3390/engproc2025084049","https://www.scopus.com/pages/publications/105009271853?origin=resultslist","Department of Information Technology, Universiti Muhammadiyah Malaysia (UMAM), Perlis, Padang Besar, 021011, Malaysia; Department of Informatics, Universitas Muhammadiyah Jember, Jawa Timur, Jember, 68121, Indonesia; Departement of Computer Science, Universitas Muhammadiyah Palangkaraya (UMPR), Kalimantan Tengah, Palangkaraya, 73111, Indonesia; Department of Electrical Engineering, Universitas Muhammadiyah Jember, Jawa Timur, Jember, 68121, Indonesia","Daryanto, Department of Information Technology, Universiti Muhammadiyah Malaysia (UMAM), Perlis, Padang Besar, 021011, Malaysia, Department of Informatics, Universitas Muhammadiyah Jember, Jawa Timur, Jember, 68121, Indonesia; Windiarti I.S., Department of Information Technology, Universiti Muhammadiyah Malaysia (UMAM), Perlis, Padang Besar, 021011, Malaysia, Departement of Computer Science, Universitas Muhammadiyah Palangkaraya (UMPR), Kalimantan Tengah, Palangkaraya, 73111, Indonesia; Rintyarna B.S., Department of Electrical Engineering, Universitas Muhammadiyah Jember, Jawa Timur, Jember, 68121, Indonesia"
"Ariyanto Y.; Widiyaningtyas T.; Saifudin I.; Suharso W.; Caesarendra W.; Leviona A.S.","Ariyanto, Yuri (57193872299); Widiyaningtyas, Triyanna (57193645741); Saifudin, Ilham (57444984300); Suharso, Wiwik (57448917600); Caesarendra, Wahyu (33067448100); Leviona, Adinda Salsa (60382260300)","57193872299; 57193645741; 57444984300; 57448917600; 33067448100; 60382260300","Demographic-Enhanced Collaborative Filtering: Improving Accuracy and Diversity in MovieLens-Based Recommender Systems","2025","2025 9th International Conference on Electrical, Electronics and Information Engineering, ICEEIE 2025","0","10.1109/ICEEIE66203.2025.11251921","https://www.scopus.com/pages/publications/105029906127?origin=resultslist","Universitas Negeri Malang, Department of Electrical Engineering and Informatics, Malang, Indonesia; Politeknik Negeri Malang, Department of Information Technology, Malang, Indonesia; Universitas Muhammadiyah Jember, Informatics Engineering, Jember, Indonesia; Curtin University Malaysia, Faculty of Engineering and Science, Department of Mechanical and Mechatronics Engineering, Lot 13149, Block 5, Kuala Baram Land District, CDT 250,Sarawak, Miri, 98009, Malaysia","Ariyanto Y., Universitas Negeri Malang, Department of Electrical Engineering and Informatics, Malang, Indonesia, Politeknik Negeri Malang, Department of Information Technology, Malang, Indonesia; Widiyaningtyas T., Universitas Negeri Malang, Department of Electrical Engineering and Informatics, Malang, Indonesia; Saifudin I., Universitas Negeri Malang, Department of Electrical Engineering and Informatics, Malang, Indonesia, Universitas Muhammadiyah Jember, Informatics Engineering, Jember, Indonesia; Suharso W., Universitas Negeri Malang, Department of Electrical Engineering and Informatics, Malang, Indonesia, Universitas Muhammadiyah Jember, Informatics Engineering, Jember, Indonesia; Caesarendra W., Curtin University Malaysia, Faculty of Engineering and Science, Department of Mechanical and Mechatronics Engineering, Lot 13149, Block 5, Kuala Baram Land District, CDT 250,Sarawak, Miri, 98009, Malaysia; Leviona A.S., Universitas Negeri Malang, Department of Electrical Engineering and Informatics, Malang, Indonesia"
"Oktavianto H.; Windiarti I.S.; Rintyarna B.S.","Oktavianto, Hardian (59748261000); Windiarti, Ika Safitri (54947306100); Rintyarna, Bagus Setya (57191611739)","59748261000; 54947306100; 57191611739","TOWARD ETHICAL AND INTELLIGENT SENTIMENT ANALYSIS IN TOURISM: FUTURE DIRECTIONS FOR THE NEXT TWO DECADES","2026","Journal of Engineering and Technology for Industrial Applications","0","10.5935/jetia.v12i57.3048","https://www.scopus.com/pages/publications/105031560923?origin=resultslist","Universitas Muhammadiyah Jember, Indonesia; Universiti Muhammadiyah Malaysia, Malaysia","Oktavianto H., Universitas Muhammadiyah Jember, Indonesia; Windiarti I.S., Universiti Muhammadiyah Malaysia, Malaysia; Rintyarna B.S., Universitas Muhammadiyah Jember, Indonesia"
"Suyatna; Suryono A.; Amri U.; Argadinata R.L.; Abigail A.D.","Suyatna (58509790600); Suryono, Ahmad (58509058800); Amri, Ulil (57218466666); Argadinata, Rifky Leo (58508559500); Abigail, Amara Diva (58510037800)","58509790600; 58509058800; 57218466666; 58508559500; 58510037800","Implications of Utilizing Protected Forest Areas for Geothermal Business: A Legal Analysis","2023","Jurnal Hukum Novelty","1","10.26555/novelty.v14i1.a24765","https://www.scopus.com/pages/publications/85165961051?origin=resultslist","Universitas Muhammadiyah Jember, Indonesia; Gonzaga University, United States","Suyatna, Universitas Muhammadiyah Jember, Indonesia; Suryono A., Universitas Muhammadiyah Jember, Indonesia; Amri U., Gonzaga University, United States; Argadinata R.L., Universitas Muhammadiyah Jember, Indonesia; Abigail A.D., Universitas Muhammadiyah Jember, Indonesia"
"Syahri I.M.; Laksono A.D.; Fitria M.; Rohmah N.; Lolong D.B.; Alruwaili A.S.","Syahri, Isyatun Mardhiyah (57221289506); Laksono, Agung Dwi (56429657100); Fitria, Maya (59732308300); Rohmah, Nikmatur (57218144057); Lolong, Dina Bisara (36802094400); Alruwaili, Abdulah Saleh (57205745291)","57221289506; 56429657100; 59732308300; 57218144057; 36802094400; 57205745291","DETERMINE THE POLICY TARGET TO INCREASE INSTITUTIONAL DELIVERY AMONG INDONESIAN FEMALE WORKERS; [Menentukan Target Kebijakan Persalinan Institusi pada Pekerja Perempuan Indonesia]","2024","Indonesian Journal of Health Administration","0","10.20473/jaki.v12i2.2024.228-237","https://www.scopus.com/pages/publications/85213387559?origin=resultslist","Faculty of Public Health, Universitas Sumatera Utara, Medan, Indonesia; National Research and Innovation Agency Republic of Indonesia, Jakarta, Indonesia; Faculty of Health Science, Muhammadiyah University of Jember, Jember, Indonesia; School of Health, University of New England, Armidale, NSW, Australia","Syahri I.M., Faculty of Public Health, Universitas Sumatera Utara, Medan, Indonesia; Laksono A.D., National Research and Innovation Agency Republic of Indonesia, Jakarta, Indonesia; Fitria M., Faculty of Public Health, Universitas Sumatera Utara, Medan, Indonesia; Rohmah N., Faculty of Health Science, Muhammadiyah University of Jember, Jember, Indonesia; Lolong D.B., National Research and Innovation Agency Republic of Indonesia, Jakarta, Indonesia; Alruwaili A.S., School of Health, University of New England, Armidale, NSW, Australia"
"Umilasari R.; Susilowati L.; Slamin; Osaye A.J.; Saifudin I.","Umilasari, Reni (57217151145); Susilowati, Liliek (35318618500); Slamin (57202201001); Osaye, AFadekemi Janet (59380337900); Saifudin, Ilham (57444984300)","57217151145; 35318618500; 57202201001; 59380337900; 57444984300","Some Properties of Dominant Local Metric Dimension","2024","Statistics, Optimization and Information Computing","1","10.19139/soic-2310-5070-2062","https://www.scopus.com/pages/publications/85207253436?origin=resultslist","Department of Informatics Engineering, Universitas Muhammadiyah Jember, Indonesia; Department of Mathematics, Universitas Airlangga, Indonesia; Study Program of Informatics, Universitas Jember, Indonesia; Department of Mathematics and Computer Science, Alabama State University, United States","Umilasari R., Department of Informatics Engineering, Universitas Muhammadiyah Jember, Indonesia; Susilowati L., Department of Mathematics, Universitas Airlangga, Indonesia; Slamin, Study Program of Informatics, Universitas Jember, Indonesia; Osaye A.J., Department of Mathematics and Computer Science, Alabama State University, United States; Saifudin I., Department of Informatics Engineering, Universitas Muhammadiyah Jember, Indonesia"
"Wiyono A.; Mohd Zulkifli N.W.; Wan Daud W.M.A.; Sukrawan Y.; Anggrainy R.; Syafrinaldy A.; Nolandy H.; Abidin A.; Sukarno R.; Aziz M.","Wiyono, Apri (57200074311); Mohd Zulkifli, Nurin Wahidah (59454812500); Wan Daud, Wan Mohd Ashri (57218540882); Sukrawan, Yusep (57205020817); Anggrainy, Rani (57226100478); Syafrinaldy, Ade (57571852800); Nolandy, Henry (58351395800); Abidin, Asroful (57214712994); Sukarno, Ragil (57215381581); Aziz, Muhammad (56436934500)","57200074311; 59454812500; 57218540882; 57205020817; 57226100478; 57571852800; 58351395800; 57214712994; 57215381581; 56436934500","Review on Synthesis Methods of Carbon Nanotubes as Activated Carbon Composites Based on Biomass for Supercapacitors in Electric Vehicles","2025","Energy Technology","9","10.1002/ente.202401228","https://www.scopus.com/pages/publications/85203057616?origin=resultslist","Department of Automotive Engineering Education, Faculty of Technology and Vocational Education, Universitas Pendidikan Indonesia, Setiabudi No. 229, Bandung, 40154, Indonesia; Department of Mechanical Engineering, Faculty of Engineering, Centre for Energy Sciences, University of Malaya, Kuala Lumpur, 50603, Malaysia; Department of Chemical Engineering, Faculty of Engineering, University of Malaya, Kuala Lumpur, 50603, Malaysia; Department of Mechanical Engineering, Faculty of Engineering, Universitas Negeri Jakarta, Rawamangun Muka, Jakarta, 13220, Indonesia; Research Center for Energy Conversion and Conservation, National Research and Innovation Agency of Republic Indonesia, Puspiptek Serpong, Tangerang Selatan, 15414, Indonesia; Department of Mechanical Engineering, Faculty of Engineering, Universitas Muhammadiyah Jember, Jember Regency, East Java, 68124, Indonesia; Institute of Industrial Science, The University of Tokyo, 4-6-1 Komaba, Meguro-ku, Tokyo, 153-8505, Japan","Wiyono A., Department of Automotive Engineering Education, Faculty of Technology and Vocational Education, Universitas Pendidikan Indonesia, Setiabudi No. 229, Bandung, 40154, Indonesia; Mohd Zulkifli N.W., Department of Mechanical Engineering, Faculty of Engineering, Centre for Energy Sciences, University of Malaya, Kuala Lumpur, 50603, Malaysia; Wan Daud W.M.A., Department of Chemical Engineering, Faculty of Engineering, University of Malaya, Kuala Lumpur, 50603, Malaysia; Sukrawan Y., Department of Automotive Engineering Education, Faculty of Technology and Vocational Education, Universitas Pendidikan Indonesia, Setiabudi No. 229, Bandung, 40154, Indonesia; Anggrainy R., Department of Mechanical Engineering, Faculty of Engineering, Universitas Negeri Jakarta, Rawamangun Muka, Jakarta, 13220, Indonesia; Syafrinaldy A., Research Center for Energy Conversion and Conservation, National Research and Innovation Agency of Republic Indonesia, Puspiptek Serpong, Tangerang Selatan, 15414, Indonesia; Nolandy H., Research Center for Energy Conversion and Conservation, National Research and Innovation Agency of Republic Indonesia, Puspiptek Serpong, Tangerang Selatan, 15414, Indonesia; Abidin A., Department of Mechanical Engineering, Faculty of Engineering, Universitas Muhammadiyah Jember, Jember Regency, East Java, 68124, Indonesia; Sukarno R., Department of Mechanical Engineering, Faculty of Engineering, Universitas Negeri Jakarta, Rawamangun Muka, Jakarta, 13220, Indonesia; Aziz M., Institute of Industrial Science, The University of Tokyo, 4-6-1 Komaba, Meguro-ku, Tokyo, 153-8505, Japan"
"Dina Rizkina F.; Kasamatsu H.; Matsuoka A.; Takenouchi N.; Nurdiana Widjayanti F.","Dina Rizkina, Fitriana (58078796500); Kasamatsu, Hiroki (57194835952); Matsuoka, Atsushi (58079549000); Takenouchi, Naruhito (58079803700); Nurdiana Widjayanti, Fefi (58079549100)","58078796500; 57194835952; 58079549000; 58079803700; 58079549100","Mapping of Orange Supply Chain Diversification in Japan","2022","E3S Web of Conferences","0","10.1051/e3sconf/202236101015","https://www.scopus.com/pages/publications/85146853271?origin=resultslist","Department of Agroindustrial Technology, Faculty of Agriculture, Universitas Muhammadiyah Jember, Jember, 68121, Indonesia; Department of Regional Resource Management, Faculty of Collaborative Regional Innovation, Ehime University, Matsuyama, 790-8566, Japan; Department of Food Production Science, Faculty of Agriculture, Ehime University, Matsuyama, 790-8566, Japan; Department of Agribusiness, Faculty of Agriculture, Universitas Muhammadiyah Jember, Jember, 68121, Indonesia","Dina Rizkina F., Department of Agroindustrial Technology, Faculty of Agriculture, Universitas Muhammadiyah Jember, Jember, 68121, Indonesia; Kasamatsu H., Department of Regional Resource Management, Faculty of Collaborative Regional Innovation, Ehime University, Matsuyama, 790-8566, Japan; Matsuoka A., Department of Food Production Science, Faculty of Agriculture, Ehime University, Matsuyama, 790-8566, Japan; Takenouchi N., Department of Food Production Science, Faculty of Agriculture, Ehime University, Matsuyama, 790-8566, Japan; Nurdiana Widjayanti F., Department of Agribusiness, Faculty of Agriculture, Universitas Muhammadiyah Jember, Jember, 68121, Indonesia"
"Wulandari R.D.; Laksono A.D.; Zuardin Z.; Rohmah N.; Dahlui M.","Wulandari, Ratna Dwi (57211333571); Laksono, Agung Dwi (56429657100); Zuardin, Zuardin (57207834348); Rohmah, Nikmatur (57218144057); Dahlui, Maznah (34972621400)","57211333571; 56429657100; 57207834348; 57218144057; 34972621400","Socioeconomic disparities in primary healthcare utilization in Eastern Indonesia","2025","Clinical Epidemiology and Global Health","1","10.1016/j.cegh.2025.102154","https://www.scopus.com/pages/publications/105012104067?origin=resultslist","Faculty of Public Health, Universitas Airlangga, Surabaya, Indonesia; Research Center for Public Health and Nutrition, National Research and Innovation Agency, Republic of Indonesia, Jakarta, Indonesia; Persakmi Institute, Surabaya, Indonesia; Faculty of Psychology and Health, UIN Sunan Ampel, Surabaya, Indonesia; Faculty of Health Sciences, Muhammadiyah University of Jember, Jember, Indonesia; Dept. of Research Development and Innovation, University Malaya Medical Centre, Malaysia","Wulandari R.D., Faculty of Public Health, Universitas Airlangga, Surabaya, Indonesia; Laksono A.D., Research Center for Public Health and Nutrition, National Research and Innovation Agency, Republic of Indonesia, Jakarta, Indonesia, Persakmi Institute, Surabaya, Indonesia; Zuardin Z., Faculty of Psychology and Health, UIN Sunan Ampel, Surabaya, Indonesia; Rohmah N., Faculty of Health Sciences, Muhammadiyah University of Jember, Jember, Indonesia; Dahlui M., Faculty of Public Health, Universitas Airlangga, Surabaya, Indonesia, Dept. of Research Development and Innovation, University Malaya Medical Centre, Malaysia"
"Ridwan M.; Hartoto S.; Kartiko D.C.; Ningsih Y.F.; Kurtoğlu A.; Widiyanto W.E.; Hamidi A.; Lobo J.; Bahriyanto A.; Sanjaykumar S.; Muracki J.; Setiawan E.","Ridwan, Mochamad (57225378646); Hartoto, Setiyo (57193790819); Kartiko, Dwi Cahyo (57201353796); Ningsih, Yuni Fitriyah (57211227705); Kurtoğlu, Ahmet (57873129600); Widiyanto, Wahyu Eko (59307956100); Hamidi, Ahmad (58292923900); Lobo, Joseph (58640251600); Bahriyanto, Ahmad (59312000800); Sanjaykumar, Swamynathan (58762038000); Muracki, Jarosław (57194535663); Setiawan, Edi (57204263812)","57225378646; 57193790819; 57201353796; 57211227705; 57873129600; 59307956100; 58292923900; 58640251600; 59312000800; 58762038000; 57194535663; 57204263812","Effects of verbal coach encouragement during large-sided games on selected physical, psychological and technical performance variables in women’s soccer","2025","Human Movement","0","10.5114/hm/202465","https://www.scopus.com/pages/publications/105009234232?origin=resultslist","Faculty of Sport and Health Science, Universitas Negeri Surabaya, Surabaya, Indonesia; Faculty of Sport Science, Bandirma Onyedi Eylul University, Balıkesir, Turkey; Faculty of Teacher Training and Education, Universitas Muhammadiyah Jember, Jember, Indonesia; Departement of Sports Science, Universitas Pendidikan Indonesia, Bandung, Indonesia; College of Sports, Exercise and Recreation, Bulacan State University, Bulacan, Philippines; Department of Physical Education and Sports, Sree Sankaracharya University of Sanskrit, Kalady, India; Institute of Physical Culture Sciences, Department of Physical Culture and Health, University of Szczecin, Szczecin, Poland; Faculty of Teacher Training and Education, Universitas Suryakancana, Cianjur, Indonesia","Ridwan M., Faculty of Sport and Health Science, Universitas Negeri Surabaya, Surabaya, Indonesia; Hartoto S., Faculty of Sport and Health Science, Universitas Negeri Surabaya, Surabaya, Indonesia; Kartiko D.C., Faculty of Sport and Health Science, Universitas Negeri Surabaya, Surabaya, Indonesia; Ningsih Y.F., Faculty of Sport and Health Science, Universitas Negeri Surabaya, Surabaya, Indonesia; Kurtoğlu A., Faculty of Sport Science, Bandirma Onyedi Eylul University, Balıkesir, Turkey; Widiyanto W.E., Faculty of Teacher Training and Education, Universitas Muhammadiyah Jember, Jember, Indonesia; Hamidi A., Departement of Sports Science, Universitas Pendidikan Indonesia, Bandung, Indonesia; Lobo J., College of Sports, Exercise and Recreation, Bulacan State University, Bulacan, Philippines; Bahriyanto A., Faculty of Teacher Training and Education, Universitas Muhammadiyah Jember, Jember, Indonesia; Sanjaykumar S., Department of Physical Education and Sports, Sree Sankaracharya University of Sanskrit, Kalady, India; Muracki J., Institute of Physical Culture Sciences, Department of Physical Culture and Health, University of Szczecin, Szczecin, Poland; Setiawan E., Faculty of Teacher Training and Education, Universitas Suryakancana, Cianjur, Indonesia"
"Hapsari M.I.; Arifin S.R.; Herianingrum S.; Zaki I.; Thaker M.A.M.T.; Duasa J.; Fathurrohman M.S.; Salma J.R.","Hapsari, Meri Indri (57375291800); Arifin, Salahuddin Rijal (58945207300); Herianingrum, Sri (57209833859); Zaki, Irham (57211787815); Thaker, Mohamed Asmy Mohd Thas (57191286702); Duasa, Jarita (24471318100); Fathurrohman, Muhamad Said (58808737400); Salma, Jauza Roja (58945721300)","57375291800; 58945207300; 57209833859; 57211787815; 57191286702; 24471318100; 58808737400; 58945721300","Managing Waqf Land in Indonesia: ANP-Driven Strategies","2024","Pertanika Journal of Social Sciences and Humanities","7","10.47836/pjssh.32.1.15","https://www.scopus.com/pages/publications/85188079948?origin=resultslist","Department of Islamic Economics, Faculty of Economics and Business, Universitas Airlangga, Surabaya, Indonesia; Department of Islamic Economics, Faculty of Islamic Studies, Universitas Muhammadiyah Jember, Jember, Indonesia; Department of Economics, International Islamic University Malaysia, Kuala Lumpur, Malaysia","Hapsari M.I., Department of Islamic Economics, Faculty of Economics and Business, Universitas Airlangga, Surabaya, Indonesia; Arifin S.R., Department of Islamic Economics, Faculty of Islamic Studies, Universitas Muhammadiyah Jember, Jember, Indonesia; Herianingrum S., Department of Islamic Economics, Faculty of Economics and Business, Universitas Airlangga, Surabaya, Indonesia; Zaki I., Department of Islamic Economics, Faculty of Economics and Business, Universitas Airlangga, Surabaya, Indonesia; Thaker M.A.M.T., Department of Economics, International Islamic University Malaysia, Kuala Lumpur, Malaysia; Duasa J., Department of Economics, International Islamic University Malaysia, Kuala Lumpur, Malaysia; Fathurrohman M.S., Department of Islamic Economics, Faculty of Economics and Business, Universitas Airlangga, Surabaya, Indonesia; Salma J.R., Department of Islamic Economics, Faculty of Economics and Business, Universitas Airlangga, Surabaya, Indonesia"
"Widiyaningtyas T.; Saifudin I.; Zaeni I.A.E.; Maulana M.Z.N.; Caesarendra W.","Widiyaningtyas, Triyanna (57193645741); Saifudin, Ilham (57444984300); Zaeni, Ilham Ari Elbaith (56825950400); Maulana, Moh. Zulfiqar Naufal (57224579939); Caesarendra, Wahyu (33067448100)","57193645741; 57444984300; 56825950400; 57224579939; 33067448100","Memory-based collaborative filtering based on matrix factorization and Gower's set rank","2025","Journal of King Saud University - Computer and Information Sciences","0","10.1007/s44443-025-00261-6","https://www.scopus.com/pages/publications/105020407284?origin=resultslist","Department of Electrical Engineering and Informatics, Faculty of Engineering, Universitas Negeri Malang, Malang, 65145, Indonesia; Department of Informatics Engineering, Faculty of Engineering, Universitas Muhammadiyah Jember, Jember Regency, 68121, Indonesia; Department of Mechanical and Mechatronics Engineering, Faculty of Engineering and Science, Curtin University, Miri, Malaysia","Widiyaningtyas T., Department of Electrical Engineering and Informatics, Faculty of Engineering, Universitas Negeri Malang, Malang, 65145, Indonesia; Saifudin I., Department of Electrical Engineering and Informatics, Faculty of Engineering, Universitas Negeri Malang, Malang, 65145, Indonesia, Department of Informatics Engineering, Faculty of Engineering, Universitas Muhammadiyah Jember, Jember Regency, 68121, Indonesia; Zaeni I.A.E., Department of Electrical Engineering and Informatics, Faculty of Engineering, Universitas Negeri Malang, Malang, 65145, Indonesia; Maulana M.Z.N., Department of Electrical Engineering and Informatics, Faculty of Engineering, Universitas Negeri Malang, Malang, 65145, Indonesia; Caesarendra W., Department of Mechanical and Mechatronics Engineering, Faculty of Engineering and Science, Curtin University, Miri, Malaysia"
"Asri Y.; Zakaria A.; Yunita H.N.; Azizah F.; Sasmiyanto S.; Murtiyani N.; Manga Y.B.","Asri, Yuni (58139309900); Zakaria, Amin (59491132300); Yunita, Heny N. (59490274500); Azizah, Fidrotin (57933995800); Sasmiyanto, Sasmiyanto (59491555700); Murtiyani, Ninik (59491343200); Manga, Yankuba B. (57195972825)","58139309900; 59491132300; 59490274500; 57933995800; 59491555700; 59491343200; 57195972825","Sleep quality and cognitive function on self-rated health status among the elderly: Findings from the Indonesian family life survey (IFLS-5)","2024","Narra J","1","10.52225/narra.v4i3.1103","https://www.scopus.com/pages/publications/85213352069?origin=resultslist","Department of Nursing, Faculty of Health and Science, Institut Teknologi, Sains dan Kesehatan RS Dr. Soepraoen Kesdam V/Brawijaya, Malang, Indonesia; Department of Nursing, STIKes Rajekwesi Bojonegoro, Bojonegoro, Indonesia; Department of Nursing, Universitas Muhammadiyah Jember, Jember, Indonesia; Department of Nursing, STIKes Akper Dian Husada Mojokerto, Mojokerto, Indonesia; Smart Healthcare Management (SHM), International College of Sustainability Innovations, National Taipei University, New Taipei City, Taiwan","Asri Y., Department of Nursing, Faculty of Health and Science, Institut Teknologi, Sains dan Kesehatan RS Dr. Soepraoen Kesdam V/Brawijaya, Malang, Indonesia; Zakaria A., Department of Nursing, Faculty of Health and Science, Institut Teknologi, Sains dan Kesehatan RS Dr. Soepraoen Kesdam V/Brawijaya, Malang, Indonesia; Yunita H.N., Department of Nursing, Faculty of Health and Science, Institut Teknologi, Sains dan Kesehatan RS Dr. Soepraoen Kesdam V/Brawijaya, Malang, Indonesia; Azizah F., Department of Nursing, STIKes Rajekwesi Bojonegoro, Bojonegoro, Indonesia; Sasmiyanto S., Department of Nursing, Universitas Muhammadiyah Jember, Jember, Indonesia; Murtiyani N., Department of Nursing, STIKes Akper Dian Husada Mojokerto, Mojokerto, Indonesia; Manga Y.B., Smart Healthcare Management (SHM), International College of Sustainability Innovations, National Taipei University, New Taipei City, Taiwan"
"Wulandari R.D.; Laksono A.D.; Rohmah N.; Matahari R.; Antonio C.A.","Wulandari, Ratna Dwi (57211333571); Laksono, Agung Dwi (56429657100); Rohmah, Nikmatur (57218144057); Matahari, Ratu (57208281251); Antonio, Carl Abelardo (55247644500)","57211333571; 56429657100; 57218144057; 57208281251; 55247644500","Factors related to intrapartum/delivery care in Southeast Asia: A cross-sectional study in the Philippines and Indonesia","2024","Heliyon","4","10.1016/j.heliyon.2024.e27718","https://www.scopus.com/pages/publications/85187510461?origin=resultslist","Universitas Airlangga, Surabaya, Indonesia; The Airlangga Centre for Health Policy (ACeHAP) Research Group, Surabaya, Indonesia; National Research and Innovation Agency Republic of Indonesia, Jakarta, Indonesia; Universitas Muhammadiyah Jember, Jember, Indonesia; Universitas Ahmad Dahlan, Yogyakarta, Indonesia; University of the Philippines Manila, Manila, Philippines","Wulandari R.D., Universitas Airlangga, Surabaya, Indonesia, The Airlangga Centre for Health Policy (ACeHAP) Research Group, Surabaya, Indonesia; Laksono A.D., The Airlangga Centre for Health Policy (ACeHAP) Research Group, Surabaya, Indonesia, National Research and Innovation Agency Republic of Indonesia, Jakarta, Indonesia; Rohmah N., Universitas Muhammadiyah Jember, Jember, Indonesia; Matahari R., Universitas Ahmad Dahlan, Yogyakarta, Indonesia; Antonio C.A., University of the Philippines Manila, Manila, Philippines"
"Hadi D.K.; Song Z.; Rahmadya B.; Kozume S.; Sumiya T.; Sun R.; Takeda S.; Wang X.","Hadi, Danang Kumara (57207453527); Song, Zequn (57447476900); Rahmadya, Budi (57211640582); Kozume, Shogo (59411852900); Sumiya, Tomonori (59412381800); Sun, Ran (57193643603); Takeda, Shigeki (54396289300); Wang, Xiaoyan (56405366200)","57207453527; 57447476900; 57211640582; 59411852900; 59412381800; 57193643603; 54396289300; 56405366200","Indoor Area Estimation System Using RSSI-Measuring Handheld Reader Utilizing Directional Reference RFID Tags and Machine Learning","2024","IEEE Access","7","10.1109/ACCESS.2024.3486792","https://www.scopus.com/pages/publications/85209192426?origin=resultslist","Ibaraki University, Graduate School of Science and Engineering, Ibaraki, Hitachi, 316-8511, Japan; Universitas Muhammadiyah Jember, Department of Agroindustrial Technology, Jember, 68124, Indonesia; Andalas University, Faculty of Information Technology, Computer System Department, Padang, 25175, Indonesia; Ibaraki University, College of Engineering, Ibaraki, Hitachi, 316-8511, Japan","Hadi D.K., Ibaraki University, Graduate School of Science and Engineering, Ibaraki, Hitachi, 316-8511, Japan, Universitas Muhammadiyah Jember, Department of Agroindustrial Technology, Jember, 68124, Indonesia; Song Z., Ibaraki University, Graduate School of Science and Engineering, Ibaraki, Hitachi, 316-8511, Japan; Rahmadya B., Andalas University, Faculty of Information Technology, Computer System Department, Padang, 25175, Indonesia; Kozume S., Ibaraki University, Graduate School of Science and Engineering, Ibaraki, Hitachi, 316-8511, Japan; Sumiya T., Ibaraki University, Graduate School of Science and Engineering, Ibaraki, Hitachi, 316-8511, Japan; Sun R., Ibaraki University, College of Engineering, Ibaraki, Hitachi, 316-8511, Japan; Takeda S., Ibaraki University, College of Engineering, Ibaraki, Hitachi, 316-8511, Japan; Wang X., Ibaraki University, College of Engineering, Ibaraki, Hitachi, 316-8511, Japan"
"Darmayanti R.F.; Muharja M.; Tashiro Y.; Sonomoto K.; Zhao T.; Widjaja A.; Fahmiati S.; Halim A.","Darmayanti, Rizki Fitria (57202926455); Muharja, Maktum (57194506488); Tashiro, Yukihiro (8912326700); Sonomoto, Kenji (57226226027); Zhao, Tao (57218384566); Widjaja, Arief (58579346400); Fahmiati, Sri (57189693740); Halim, Abdul (57193623688)","57202926455; 57194506488; 8912326700; 57226226027; 57218384566; 58579346400; 57189693740; 57193623688","Extractive biobutanol fermentation using immobilized cells with organic acid esters as novel co-substrates in large extractant volume","2023","Bioresource Technology Reports","6","10.1016/j.biteb.2023.101538","https://www.scopus.com/pages/publications/85164216657?origin=resultslist","Department of Agro-industrial Technology, Faculty of Agriculture, University of Muhammadiyah Jember, Jalan Karimata 49, Jember, 68124, Indonesia; Department of Chemical Engineering, Faculty of Engineering, University of Jember, Jalan Kalimantan 37, Kampus Tegal Boto, Jember, 68121, Indonesia; Laboratory of Soil and Environmental Microbiology, Division of Systems Bioengineering, Department of Bioscience and Biotechnology, Faculty of Agriculture, Graduate School, Kyushu University, 744, Motooka, Nishi-ku, Fukuoka, 819-0395, Japan; Laboratory of Microbial Environmental Protection, Tropical Microbiology Unit, Center for International Education and Research of Agriculture, Faculty of Agriculture, Kyushu University, 744, Motooka, Nishi-ku, Fukuoka, 819-0395, Japan; Laboratory of Microbial Technology, Division of Systems Bioengineering, Department of Bioscience and Biotechnology, Faculty of Agriculture, Graduate School, Kyushu University, 744, Motooka, Nishi-ku, Fukuoka, 819-0395, Japan; College of Textiles, Qingdao University, Qingdao, 266000, China; State Key Laboratory of Bio-Fibers and Eco-Textiles, Qingdao University, Shandong, Qingdao, 266071, China; Department of Chemical Engineering, Institut Teknologi Sepuluh Nopember, Kampus ITS Sukolilo, Surabaya, 60111, Indonesia; Research Center for Advanced Chemistry, National Research and Innovation Agency, Kawasan Puspiptek, South Tangerang, 15314, Indonesia; Department of Chemical Engineering, Universitas Internasional Semen Indonesia, Gresik, 61122, Indonesia","Darmayanti R.F., Department of Agro-industrial Technology, Faculty of Agriculture, University of Muhammadiyah Jember, Jalan Karimata 49, Jember, 68124, Indonesia; Muharja M., Department of Chemical Engineering, Faculty of Engineering, University of Jember, Jalan Kalimantan 37, Kampus Tegal Boto, Jember, 68121, Indonesia; Tashiro Y., Laboratory of Soil and Environmental Microbiology, Division of Systems Bioengineering, Department of Bioscience and Biotechnology, Faculty of Agriculture, Graduate School, Kyushu University, 744, Motooka, Nishi-ku, Fukuoka, 819-0395, Japan, Laboratory of Microbial Environmental Protection, Tropical Microbiology Unit, Center for International Education and Research of Agriculture, Faculty of Agriculture, Kyushu University, 744, Motooka, Nishi-ku, Fukuoka, 819-0395, Japan; Sonomoto K., Laboratory of Microbial Technology, Division of Systems Bioengineering, Department of Bioscience and Biotechnology, Faculty of Agriculture, Graduate School, Kyushu University, 744, Motooka, Nishi-ku, Fukuoka, 819-0395, Japan; Zhao T., College of Textiles, Qingdao University, Qingdao, 266000, China, State Key Laboratory of Bio-Fibers and Eco-Textiles, Qingdao University, Shandong, Qingdao, 266071, China; Widjaja A., Department of Chemical Engineering, Institut Teknologi Sepuluh Nopember, Kampus ITS Sukolilo, Surabaya, 60111, Indonesia; Fahmiati S., Research Center for Advanced Chemistry, National Research and Innovation Agency, Kawasan Puspiptek, South Tangerang, 15314, Indonesia; Halim A., Department of Chemical Engineering, Universitas Internasional Semen Indonesia, Gresik, 61122, Indonesia"
"Rizkina F.D.; Takenouchi N.; Kasamatsu H.","Rizkina, Fitriana Dina (58078796500); Takenouchi, Naruhito (58079803700); Kasamatsu, Hiroki (57194835952)","58078796500; 58079803700; 57194835952","Role of Skilled Workers in a Successful Supply Chain: The Case of the Japanese Seafood Processing Company","2025","BIO Web of Conferences","1","10.1051/bioconf/202516502001","https://www.scopus.com/pages/publications/105000731365?origin=resultslist","Agricultural Industrial Technology, Faculty of Agriculture, Universitas Muhammadiyah Jember, Jember, 68124, Indonesia; Food Production Science, Faculty of Agriculture, Ehime University Matsuyama, 790-8566, Japan; Regional Resource Management, Faculty of Collaborative Regional Innovation, Ehime University Matsuyama, 790-8566, Japan","Rizkina F.D., Agricultural Industrial Technology, Faculty of Agriculture, Universitas Muhammadiyah Jember, Jember, 68124, Indonesia; Takenouchi N., Food Production Science, Faculty of Agriculture, Ehime University Matsuyama, 790-8566, Japan; Kasamatsu H., Regional Resource Management, Faculty of Collaborative Regional Innovation, Ehime University Matsuyama, 790-8566, Japan"
"Amirulloh M.Y.; Aminuddin A.; Hairani H.; Miah M.B.A.; Saifudin I.; Bakar N.A.A.","Amirulloh, Muhammad Yusuf (60616112700); Aminuddin, Afrig (57221994672); Hairani, Hairani (57222080524); Miah, Mohammad Badrul Alam (57488744300); Saifudin, Ilham (57444984300); Bakar, Noor Akma Abu (60498357000)","60616112700; 57221994672; 57222080524; 57488744300; 57444984300; 60498357000","Benchmark of Machine Learning Classifiers for Mental Health Prediction in the Tech Sector","2026","Proceeding - ISIBER 2026: International Seminar on Intelligent Business and Edge-Computing Research","0","10.1109/ISIBER68248.2026.11470078","https://www.scopus.com/pages/publications/105037651516?origin=resultslist","Universitas Amikom Yogyakarta, Faculty of Computer Science, Sleman, Indonesia; Universitas Bumigora, Faculty of Engineering, Mataram, Indonesia; Mawlana Bhashani Science and Technology University, Faculty of Engineering, Tangail, Bangladesh; Universitas Muhammadiyah Jember, Faculty of Engineering, Jember, Indonesia; College of Computing and Informatics, Universiti Tenaga Nasional, Putrajaya, Malaysia","Amirulloh M.Y., Universitas Amikom Yogyakarta, Faculty of Computer Science, Sleman, Indonesia; Aminuddin A., Universitas Amikom Yogyakarta, Faculty of Computer Science, Sleman, Indonesia; Hairani H., Universitas Bumigora, Faculty of Engineering, Mataram, Indonesia; Miah M.B.A., Mawlana Bhashani Science and Technology University, Faculty of Engineering, Tangail, Bangladesh; Saifudin I., Universitas Muhammadiyah Jember, Faculty of Engineering, Jember, Indonesia; Bakar N.A.A., College of Computing and Informatics, Universiti Tenaga Nasional, Putrajaya, Malaysia"
"Fahmi A.B.; Satya A.M.; Setiyono J.; Wijayantini B.; Abusaada H.A.Y.","Fahmi, Akrimna Binuril (60544541600); Satya, Adhika Mahindra (60543355600); Setiyono, Joko (55863922000); Wijayantini, Bayu (60543551200); Abusaada, Husam A. Y. (60544739500)","60544541600; 60543355600; 55863922000; 60543551200; 60544739500","Crypto Regulation and Anti Money Laundering in Indonesia: A Comparative European Union and Switzerland","2025","Jurnal Pembangunan Hukum Indonesia","0","10.14710/jphi.v7i3.514-541","https://www.scopus.com/pages/publications/105034349745?origin=resultslist","Faculty of Law, Universitas Diponegoro, Indonesia; Faculty of law, Universitas Airlangga, Indonesia; Faculty of Economics and Business, Universitas Muhammadiyah Jember, Indonesia; Faculty of Arts and Humanities, Al-Azhar University-Gaza, Palestine","Fahmi A.B., Faculty of Law, Universitas Diponegoro, Indonesia; Satya A.M., Faculty of law, Universitas Airlangga, Indonesia; Setiyono J., Faculty of Law, Universitas Diponegoro, Indonesia; Wijayantini B., Faculty of Economics and Business, Universitas Muhammadiyah Jember, Indonesia; Abusaada H.A.Y., Faculty of Arts and Humanities, Al-Azhar University-Gaza, Palestine"
"Mulyadi D.; Arifani Y.; Abdurrosyid A.; Mufaridah F.; Singh C.K.S.","Mulyadi, Dodi (57213518590); Arifani, Yudhi (57205355473); Abdurrosyid, Abdurrosyid (58954311400); Mufaridah, Fitrotul (58954873200); Singh, Charanjit Kaur Swaran (57209149752)","57213518590; 57205355473; 58954311400; 58954873200; 57209149752","Fulfillment of Basic Psychological Needs of English for Specific Purpose Learners during Online Learning: Lecturers' and Learners' Perspectives","2024","Language Related Research","5","10.29252/LRR.15.3.3","https://www.scopus.com/pages/publications/85188639802?origin=resultslist","English Education Department of Universitas Muhammadiyah Semarang (UNIMUS), Indonesia; English Language Education Department of Universitas Muhammadiyah Gresik, Indonesia; School of Languages, Literatures, Cultures and Linguistics, Monash University, Australia; Universitas Negeri Jakarta, English Language Education Department of Universitas Muhammadiyah Jember, Indonesia; Department of English Language & Literature, Faculty of Languages & Communication, Universiti Pendidikan Sultan Idris, Perak, Malaysia; English Department UIN Syarif Hidayatullah Jakarta, Indonesia","Mulyadi D., English Education Department of Universitas Muhammadiyah Semarang (UNIMUS), Indonesia; Arifani Y., English Language Education Department of Universitas Muhammadiyah Gresik, Indonesia; Abdurrosyid A., School of Languages, Literatures, Cultures and Linguistics, Monash University, Australia, English Department UIN Syarif Hidayatullah Jakarta, Indonesia; Mufaridah F., Universitas Negeri Jakarta, English Language Education Department of Universitas Muhammadiyah Jember, Indonesia; Singh C.K.S., Department of English Language & Literature, Faculty of Languages & Communication, Universiti Pendidikan Sultan Idris, Perak, Malaysia"
"Anshory I.; Jamaaluddin J.; Wisaksono A.; Sulistiyowati I.; Hindarto; Rintyarna B.S.; Fudholi A.; Rahman Y.A.; Sopian K.","Anshory, Izza (57220021949); Jamaaluddin, Jamaaluddin (57218105515); Wisaksono, Arief (57218096968); Sulistiyowati, Indah (57220021317); Hindarto (56347374100); Rintyarna, Bagus Setya (57191611739); Fudholi, Ahmad (57195432490); Rahman, Yuli Asmi (57203355155); Sopian, Kamaruzzaman (7003375391)","57220021949; 57218105515; 57218096968; 57220021317; 56347374100; 57191611739; 57195432490; 57203355155; 7003375391","Optimization DC-DC boost converter of BLDC motor drive by solar panel using PID and firefly algorithm","2024","Results in Engineering","69","10.1016/j.rineng.2023.101727","https://www.scopus.com/pages/publications/85183436028?origin=resultslist","Department of Electrical Engineering, Faculty of Science and Technology, Universitas Muhammadiyah Sidoarjo, Indonesia; Research Center for Energy Conversion and Conservation, National Research and Innovation Agency (BRIN), Jakarta, Indonesia; Department of Informatic Engineering, Faculty of Science and Technology, Universitas Muhammadiyah Sidoarjo, Indonesia; Department of Informatic Engineering, Universitas Muhammadiyah Jember, Indonesia; Solar Energy Research Institute, Universiti Kebangsaan Malaysia, Selangor, Malaysia; Universitas Tadulako, Indonesia; Department of Mechanical Engineering, Universiti Teknologi PETRONAS, Perak Darul Ridzuan, Seri Iskandar, 32610, Malaysia","Anshory I., Department of Electrical Engineering, Faculty of Science and Technology, Universitas Muhammadiyah Sidoarjo, Indonesia, Research Center for Energy Conversion and Conservation, National Research and Innovation Agency (BRIN), Jakarta, Indonesia; Jamaaluddin J., Department of Electrical Engineering, Faculty of Science and Technology, Universitas Muhammadiyah Sidoarjo, Indonesia, Research Center for Energy Conversion and Conservation, National Research and Innovation Agency (BRIN), Jakarta, Indonesia; Wisaksono A., Department of Electrical Engineering, Faculty of Science and Technology, Universitas Muhammadiyah Sidoarjo, Indonesia; Sulistiyowati I., Department of Electrical Engineering, Faculty of Science and Technology, Universitas Muhammadiyah Sidoarjo, Indonesia; Hindarto, Department of Informatic Engineering, Faculty of Science and Technology, Universitas Muhammadiyah Sidoarjo, Indonesia; Rintyarna B.S., Department of Informatic Engineering, Universitas Muhammadiyah Jember, Indonesia; Fudholi A., Research Center for Energy Conversion and Conservation, National Research and Innovation Agency (BRIN), Jakarta, Indonesia, Solar Energy Research Institute, Universiti Kebangsaan Malaysia, Selangor, Malaysia; Rahman Y.A., Universitas Tadulako, Indonesia; Sopian K., Department of Mechanical Engineering, Universiti Teknologi PETRONAS, Perak Darul Ridzuan, Seri Iskandar, 32610, Malaysia"
"Fanani N.Z.; Sooai A.G.; Khamid K.; Rahmanawati F.Y.; Tormasi A.; Koczy L.T.; Sumpeno S.; Purnomo M.H.","Fanani, Nurul Zainal (56596755200); Sooai, Adri Gabriel (57958160500); Khamid, K. (57225110472); Rahmanawati, Festa Yumpi (57225108473); Tormasi, Alex (55389496800); Koczy, Laszlo T. (7005328054); Sumpeno, Surya (42462707300); Purnomo, Mauridhi Hery (6602604153)","56596755200; 57958160500; 57225110472; 57225108473; 55389496800; 7005328054; 42462707300; 6602604153","Two Stages Outlier Removal as Pre-Processing Digitizer Data on Fine Motor Skills (FMS) Classification Using Covariance Estimator and Isolation Forest","2021","International Journal of Intelligent Engineering and Systems","7","10.22266/ijies2021.0831.50","https://www.scopus.com/pages/publications/85109178869?origin=resultslist","Department of Electrical Engineering, Institut Teknologi Sepuluh Nopember, Indonesia; Department of Computer Engineering, Institut Teknologi Sepuluh Nopember, Indonesia; Department of Engineering, Politeknik Negeri Jember, Indonesia; Department of Computer Science, Universitas Katolik Widya Mandira, Kupang, Indonesia; Department of Informatics Engineering, Universitas Wahidiyah, Indonesia; Departement of Psychology, Universitas Muhammadiyah Jember, Indonesia; Department of Informatics Széchenyi István University, Győr, Hungary; Department of Telecommunications and Media Informatics, University of Technology and Economics, Budapest, Hungary; University Center of Excellence on Artificial Intelligence for Healthcare and Society (UCE AIHeS), Indonesia","Fanani N.Z., Department of Electrical Engineering, Institut Teknologi Sepuluh Nopember, Indonesia, Department of Computer Engineering, Institut Teknologi Sepuluh Nopember, Indonesia, Department of Engineering, Politeknik Negeri Jember, Indonesia; Sooai A.G., Department of Computer Science, Universitas Katolik Widya Mandira, Kupang, Indonesia; Khamid K., Department of Informatics Engineering, Universitas Wahidiyah, Indonesia; Rahmanawati F.Y., Departement of Psychology, Universitas Muhammadiyah Jember, Indonesia; Tormasi A., Department of Informatics Széchenyi István University, Győr, Hungary; Koczy L.T., Department of Informatics Széchenyi István University, Győr, Hungary, Department of Telecommunications and Media Informatics, University of Technology and Economics, Budapest, Hungary; Sumpeno S., Department of Electrical Engineering, Institut Teknologi Sepuluh Nopember, Indonesia, Department of Computer Engineering, Institut Teknologi Sepuluh Nopember, Indonesia; Purnomo M.H., Department of Electrical Engineering, Institut Teknologi Sepuluh Nopember, Indonesia, Department of Computer Engineering, Institut Teknologi Sepuluh Nopember, Indonesia, University Center of Excellence on Artificial Intelligence for Healthcare and Society (UCE AIHeS), Indonesia"
"Khoiriyah N.; Fadlilah S.A.R.; Ali A.; Zamrodah Y.; Saputro A.J.; Hadi S.; Tshilowa P.F.; Swe W.L.L.","Khoiriyah, Nikmatul (57201688785); Fadlilah, Sinkha A.R. (60373195900); Ali, Amjed (11940901200); Zamrodah, Yuhanin (60373638100); Saputro, Arief Joko (60320800400); Hadi, Syamsul (57203726292); Tshilowa, Phathutshedzo Fency (57960731900); Swe, Win Lai Lai (59460821000)","57201688785; 60373195900; 11940901200; 60373638100; 60320800400; 57203726292; 57960731900; 59460821000","Determinants of potato consumption as a carbohydrate source in East Java, Indonesia: A household-level analysis","2026","BIO Web of Conferences","0","10.1051/bioconf/202620904008","https://www.scopus.com/pages/publications/105029447607?origin=resultslist","Department of Agribusiness, Universitas Islam Malang, Malang, 65144, Indonesia; College of Agronomy, Department of Agronomy, University of Sargodha, 40162, Pakistan; Department of Agribusiness, Universitas Islam Balitar, Blitar, 66137, Indonesia; Study Program of Agribusiness, University of Muhammadiyah Jember, Jember, 68193, Indonesia; Collage of Agriculture and Environmental Sciences, University of South Africa, 0003, South Africa; Hungarian Research Institute of Organic Agriculture, Budapest, 1038, Hungary; Centre for Food Security Studies, Community Service Institutions, Universitas Islam Malang, Malang, 65144, Indonesia","Khoiriyah N., Department of Agribusiness, Universitas Islam Malang, Malang, 65144, Indonesia, Centre for Food Security Studies, Community Service Institutions, Universitas Islam Malang, Malang, 65144, Indonesia; Fadlilah S.A.R., Department of Agribusiness, Universitas Islam Malang, Malang, 65144, Indonesia; Ali A., College of Agronomy, Department of Agronomy, University of Sargodha, 40162, Pakistan; Zamrodah Y., Department of Agribusiness, Universitas Islam Balitar, Blitar, 66137, Indonesia; Saputro A.J., Department of Agribusiness, Universitas Islam Malang, Malang, 65144, Indonesia, Centre for Food Security Studies, Community Service Institutions, Universitas Islam Malang, Malang, 65144, Indonesia; Hadi S., Study Program of Agribusiness, University of Muhammadiyah Jember, Jember, 68193, Indonesia; Tshilowa P.F., Collage of Agriculture and Environmental Sciences, University of South Africa, 0003, South Africa; Swe W.L.L., Hungarian Research Institute of Organic Agriculture, Budapest, 1038, Hungary"
"Hadi D.K.; Song Z.; Rahmadya B.; Sun R.; Takeda S.","Hadi, Danang Kumara (57207453527); Song, Zequn (57447476900); Rahmadya, Budi (57211640582); Sun, Ran (57193643603); Takeda, Shigeki (54396289300)","57207453527; 57447476900; 57211640582; 57193643603; 54396289300","Stock Monitoring and Localization Systems for FIFO Method Using RFID Based Pressure Sensing Tag and AI","2024","IEEJ Transactions on Electronics, Information and Systems","0","10.1541/ieejeiss.144.894","https://www.scopus.com/pages/publications/85202957543?origin=resultslist","Graduate School of Science and Engineering, Ibaraki University, 4-12-1, Nakanarusawa, Ibaraki, Hitachi, 316-8511, Japan; Department of Agroindustrial Technology, Universitas Muhammadiyah Jember, Jember, 68124, Indonesia; Computer System Department, Faculty of Information Technology, Andalas University, Padang, 25175, Indonesia","Hadi D.K., Graduate School of Science and Engineering, Ibaraki University, 4-12-1, Nakanarusawa, Ibaraki, Hitachi, 316-8511, Japan, Department of Agroindustrial Technology, Universitas Muhammadiyah Jember, Jember, 68124, Indonesia; Song Z., Graduate School of Science and Engineering, Ibaraki University, 4-12-1, Nakanarusawa, Ibaraki, Hitachi, 316-8511, Japan; Rahmadya B., Computer System Department, Faculty of Information Technology, Andalas University, Padang, 25175, Indonesia; Sun R., Graduate School of Science and Engineering, Ibaraki University, 4-12-1, Nakanarusawa, Ibaraki, Hitachi, 316-8511, Japan; Takeda S., Graduate School of Science and Engineering, Ibaraki University, 4-12-1, Nakanarusawa, Ibaraki, Hitachi, 316-8511, Japan"
"Susanti Y.; Maghfirah A.; Fajar A.T.N.; Mukti R.R.; Kadja G.T.M.","Susanti, Yuni (57752283900); Maghfirah, Ainul (57217940746); Fajar, Adroit T. N. (57192386143); Mukti, Rino R. (12244105600); Kadja, Grandprix T. M. (56780209700)","57752283900; 57217940746; 57192386143; 12244105600; 56780209700","Hydrophobic HY zeolite with enhanced stability in hot liquid water","2025","Journal of the Iranian Chemical Society","1","10.1007/s13738-024-03157-w","https://www.scopus.com/pages/publications/85214443386?origin=resultslist","Department of Chemical Engineering, Faculty of Engineering, University of Muhammadiyah Jember, Jl. Karimata No. 49 Sumbersari, Jember, 68121, Indonesia; Division of Inorganic and Physical Chemistry, Faculty of Mathematics and Natural Sciences, Institut Teknologi Bandung, Jl. Ganesha No. 10, Bandung, 40132, Indonesia; Center for Energy Systems Design (CESD), International Institute for Carbon-Neutral Energy Research (WPI-I2CNER), Kyushu University, 744 Motooka, Fukuoka, 819-0395, Japan; Research Center for Nanosciences and Nanotechnology, Institut Teknologi Bandung, Jl. Ganesha No. 10, Bandung, 40132, Indonesia; Center for Catalysis and Reaction Engineering, Institut Teknologi Bandung, Jl. Ganesha No. 10, Bandung, 40132, Indonesia","Susanti Y., Department of Chemical Engineering, Faculty of Engineering, University of Muhammadiyah Jember, Jl. Karimata No. 49 Sumbersari, Jember, 68121, Indonesia, Research Center for Nanosciences and Nanotechnology, Institut Teknologi Bandung, Jl. Ganesha No. 10, Bandung, 40132, Indonesia; Maghfirah A., Division of Inorganic and Physical Chemistry, Faculty of Mathematics and Natural Sciences, Institut Teknologi Bandung, Jl. Ganesha No. 10, Bandung, 40132, Indonesia; Fajar A.T.N., Center for Energy Systems Design (CESD), International Institute for Carbon-Neutral Energy Research (WPI-I2CNER), Kyushu University, 744 Motooka, Fukuoka, 819-0395, Japan; Mukti R.R., Division of Inorganic and Physical Chemistry, Faculty of Mathematics and Natural Sciences, Institut Teknologi Bandung, Jl. Ganesha No. 10, Bandung, 40132, Indonesia, Research Center for Nanosciences and Nanotechnology, Institut Teknologi Bandung, Jl. Ganesha No. 10, Bandung, 40132, Indonesia; Kadja G.T.M., Division of Inorganic and Physical Chemistry, Faculty of Mathematics and Natural Sciences, Institut Teknologi Bandung, Jl. Ganesha No. 10, Bandung, 40132, Indonesia, Research Center for Nanosciences and Nanotechnology, Institut Teknologi Bandung, Jl. Ganesha No. 10, Bandung, 40132, Indonesia, Center for Catalysis and Reaction Engineering, Institut Teknologi Bandung, Jl. Ganesha No. 10, Bandung, 40132, Indonesia"
"Rizkina F.D.; Takenouchi N.; Kasamatsu H.","Rizkina, Fitriana Dina (58078796500); Takenouchi, Naruhito (58079803700); Kasamatsu, Hiroki (57194835952)","58078796500; 58079803700; 57194835952","Strengthening Supply Chain Management Through Human Capital Development in Isolated Community-Based Fisheries","2025","E3S Web of Conferences","0","10.1051/e3sconf/202566501031","https://www.scopus.com/pages/publications/105028127404?origin=resultslist","The United Graduate School of Agricultural Sciences, Ehime University, 3-5-7 Tarumi, Matsuyama, Ehime, 790-8566, Japan; Department of Agricultural Industrial Technology, Faculty of Agriculture, Universitas Muhammadiyah Jember, Jl. Karimata No. 49,East Java, Jember, 68121, Indonesia","Rizkina F.D., The United Graduate School of Agricultural Sciences, Ehime University, 3-5-7 Tarumi, Matsuyama, Ehime, 790-8566, Japan, Department of Agricultural Industrial Technology, Faculty of Agriculture, Universitas Muhammadiyah Jember, Jl. Karimata No. 49,East Java, Jember, 68121, Indonesia; Takenouchi N., The United Graduate School of Agricultural Sciences, Ehime University, 3-5-7 Tarumi, Matsuyama, Ehime, 790-8566, Japan; Kasamatsu H., The United Graduate School of Agricultural Sciences, Ehime University, 3-5-7 Tarumi, Matsuyama, Ehime, 790-8566, Japan"
"Adirahma A.S.; Widiyanto W.E.; Setyawan H.; Hamsyah K.; Darmawan A.; Nurkadri; Novita N.; Safrudin; Hb G.; Harmanto; Pranoto N.W.; Pavlovic R.","Adirahma, Ahmad Septiandika (58757090300); Widiyanto, Wahyu Eko (59307956100); Setyawan, Hendra (58671015400); Hamsyah, Khairul (59152369400); Darmawan, Arief (59936720500); Nurkadri (57212312660); Novita, Novita (60617709400); Safrudin (57212602218); Hb, Gusliana (58932106700); Harmanto (57201196847); Pranoto, Nuridin Widya (57224774817); Pavlovic, Ratko (55601723700)","58757090300; 59307956100; 58671015400; 59152369400; 59936720500; 57212312660; 60617709400; 57212602218; 58932106700; 57201196847; 57224774817; 55601723700","Article RETRACTED due to manipulation by the authors Badminton training management strategy with circuit training method to improve athlete performance among students; [Article RETRACTED due to manipulation by the authors Estrategia de gestión del entrenamiento de bádminton con el método de entrenamiento en circuito para mejorar el rendimiento deportivo de los estudiantes]","2024","Retos","13","10.47197/retos.v61.109067","https://www.scopus.com/pages/publications/85205009956?origin=resultslist","Universitas Sebelas Maret, Indonesia; Universitas Muhammadiyah Jember, Indonesia; Universitas Negeri Yogyakarta, Indonesia; Universitas Negeri Malang, Indonesia; Universitas Negeri Medan, Indonesia; Universitas Rokania, Indonesia; Universitas Riau, Indonesia; Universitas Negeri Surabaya, Indonesia; Universitas Negeri Padang, Indonesia; University of East Sarajevo, Bosnia and Herzegovina","Adirahma A.S., Universitas Sebelas Maret, Indonesia; Widiyanto W.E., Universitas Muhammadiyah Jember, Indonesia; Setyawan H., Universitas Negeri Yogyakarta, Indonesia; Hamsyah K., Universitas Negeri Yogyakarta, Indonesia; Darmawan A., Universitas Negeri Malang, Indonesia; Nurkadri, Universitas Negeri Malang, Indonesia; Novita N., Universitas Negeri Medan, Indonesia; Safrudin, Universitas Rokania, Indonesia; Hb G., Universitas Riau, Indonesia; Harmanto, Universitas Negeri Surabaya, Indonesia; Pranoto N.W., Universitas Negeri Padang, Indonesia; Pavlovic R., University of East Sarajevo, Bosnia and Herzegovina"
"Rahardi M.; Asaddulloh B.P.; Aminuddin A.; Abdulloh F.F.; Saifudin I.; Kusumawijaya F.P.","Rahardi, Majid (57222000895); Asaddulloh, Bima Pramudya (58915659000); Aminuddin, Afrig (57221994672); Abdulloh, Ferian Fauzi (57779822600); Saifudin, Ilham (57444984300); Kusumawijaya, Faqih Putra (59942047300)","57222000895; 58915659000; 57221994672; 57779822600; 57444984300; 59942047300","Optimizing Machine Learning Models for Class Imbalance in Heart Disease Prediction","2025","Engineering, Technology and Applied Science Research","3","10.48084/etasr.10407","https://www.scopus.com/pages/publications/105007882556?origin=resultslist","Department of Informatics, Faculty of Computer Science, Universitas Amikom Yogyakarta, Sleman, 55283, Indonesia; Department of Informatics, Postgraduate Program, Universitas Amikom Yogyakarta, Sleman, 55283, Indonesia; Department of Information Systems, Faculty of Computer Science, Universitas Amikom Yogyakarta, Sleman, 55283, Indonesia; Department of Informatics Engineering, Faculty of Engineering, Universitas Muhammadiyah Jember, Jember, 68121, Indonesia; School of Information Systems, Faculty of Science, Queensland University of Technology, Brisbane, 4001, Australia","Rahardi M., Department of Informatics, Faculty of Computer Science, Universitas Amikom Yogyakarta, Sleman, 55283, Indonesia; Asaddulloh B.P., Department of Informatics, Postgraduate Program, Universitas Amikom Yogyakarta, Sleman, 55283, Indonesia; Aminuddin A., Department of Information Systems, Faculty of Computer Science, Universitas Amikom Yogyakarta, Sleman, 55283, Indonesia; Abdulloh F.F., Department of Informatics, Faculty of Computer Science, Universitas Amikom Yogyakarta, Sleman, 55283, Indonesia; Saifudin I., Department of Informatics Engineering, Faculty of Engineering, Universitas Muhammadiyah Jember, Jember, 68121, Indonesia; Kusumawijaya F.P., School of Information Systems, Faculty of Science, Queensland University of Technology, Brisbane, 4001, Australia"
"Saifudin I.; Widiyaningtyas T.; Zaeni I.A.E.; Aminuddin A.","Saifudin, Ilham (57444984300); Widiyaningtyas, Triyanna (57193645741); Zaeni, Ilham Ari Elbaith (56825950400); Aminuddin, Afrig (57221994672)","57444984300; 57193645741; 56825950400; 57221994672","SVD-GoRank: Recommender System Algorithm Using SVD and Gower's Ranking","2025","IEEE Access","6","10.1109/ACCESS.2025.3533558","https://www.scopus.com/pages/publications/85216806355?origin=resultslist","Universitas Negeri Malang, Faculty of Engineering, Department of Electrical Engineering and Informatics, Malang, 65145, Indonesia; Universitas Muhammadiyah Jember, Informatics Engineering, Faculty of Engineering, Jember Regency, 68121, Indonesia; Universiti Malaysia Pahang Al-Sultan Abdullah, Faculty of Computing, College of Computing and Applied Sciences, Department of Computer Graphic and Multimedia, Kuantan, 26600, Malaysia","Saifudin I., Universitas Negeri Malang, Faculty of Engineering, Department of Electrical Engineering and Informatics, Malang, 65145, Indonesia, Universitas Muhammadiyah Jember, Informatics Engineering, Faculty of Engineering, Jember Regency, 68121, Indonesia; Widiyaningtyas T., Universitas Negeri Malang, Faculty of Engineering, Department of Electrical Engineering and Informatics, Malang, 65145, Indonesia; Zaeni I.A.E., Universitas Negeri Malang, Faculty of Engineering, Department of Electrical Engineering and Informatics, Malang, 65145, Indonesia; Aminuddin A., Universiti Malaysia Pahang Al-Sultan Abdullah, Faculty of Computing, College of Computing and Applied Sciences, Department of Computer Graphic and Multimedia, Kuantan, 26600, Malaysia"
"Rondhi M.; Hadi S.; Imanuddin M.; Mori Y.; Kondo T.; Rokhani; Suwandari A.; Kuntadi E.B.; Ulum S.; Firdaus N.A.","Rondhi, Mohammad (57204950306); Hadi, Syamsul (57203726292); Imanuddin, Muhammad (58075584000); Mori, Yasuhiro (57209853193); Kondo, Takumi (34768332500); Rokhani (57208467753); Suwandari, Anik (57216397338); Kuntadi, Ebban Bagus (57273490000); Ulum, Shohibul (58932399500); Firdaus, Nita Anisya (59758833600)","57204950306; 57203726292; 58075584000; 57209853193; 34768332500; 57208467753; 57216397338; 57273490000; 58932399500; 59758833600","Network Governance of Rural Water Management to Cope with Adverse Impacts of Climate Change: Evidence from An Irrigated Dry Area in Central Java, Indonesia","2025","Caraka Tani: Journal of Sustainable Agriculture","1","10.20961/carakatani.v40i2.91715","https://www.scopus.com/pages/publications/105003837759?origin=resultslist","Department of Agribusiness, Faculty of Agriculture, Universitas Jember, Jember, Indonesia; Department of Agribusiness, Faculty of Agriculture, Universitas Muhammadiyah Jember, Jember, Indonesia; Department of Agribusiness, Faculty of Agriculture, Universitas Muria Kudus, Kudus, Indonesia; Department of Sustainable Agriculture, Rakuno Gakuen University, Ebetsu, Japan; Research Faculty of Agriculture, Hokkaido University, Sapporo, Japan; Department of Agricultural Extension, Faculty of Agriculture, Universitas Jember, Jember, Indonesia","Rondhi M., Department of Agribusiness, Faculty of Agriculture, Universitas Jember, Jember, Indonesia; Hadi S., Department of Agribusiness, Faculty of Agriculture, Universitas Muhammadiyah Jember, Jember, Indonesia; Imanuddin M., Department of Agribusiness, Faculty of Agriculture, Universitas Muria Kudus, Kudus, Indonesia; Mori Y., Department of Sustainable Agriculture, Rakuno Gakuen University, Ebetsu, Japan; Kondo T., Research Faculty of Agriculture, Hokkaido University, Sapporo, Japan; Rokhani, Department of Agricultural Extension, Faculty of Agriculture, Universitas Jember, Jember, Indonesia; Suwandari A., Department of Agribusiness, Faculty of Agriculture, Universitas Jember, Jember, Indonesia; Kuntadi E.B., Department of Agribusiness, Faculty of Agriculture, Universitas Jember, Jember, Indonesia; Ulum S., Department of Agribusiness, Faculty of Agriculture, Universitas Jember, Jember, Indonesia; Firdaus N.A., Department of Agribusiness, Faculty of Agriculture, Universitas Jember, Jember, Indonesia"
"Umilasari R.; Susilowati L.; Slamin; Prabhu S.; Fadekemi O.J.","Umilasari, Reni (57217151145); Susilowati, Liliek (35318618500); Slamin (57202201001); Prabhu, Savari (56606760700); Fadekemi, Osaye J. (58089489000)","57217151145; 35318618500; 57202201001; 56606760700; 58089489000","The Local Resolving Dominating Set of Comb Product Graphs","2024","IAENG International Journal of Computer Science","7","","https://www.scopus.com/pages/publications/85186902566?origin=resultslist","Universitas Muhammadiyah Jember, Indonesia; Mathematics Department, Airlangga University, Indonesia; Department of Informatics System, Jember University, Indonesia; Mathematics Department, Rajalakshmi Engineering College, Tamil Nadu, Chennai, 602105, India; Department of Mathematics and Computer Science, Alabama State University, United States","Umilasari R., Universitas Muhammadiyah Jember, Indonesia; Susilowati L., Mathematics Department, Airlangga University, Indonesia; Slamin, Department of Informatics System, Jember University, Indonesia; Prabhu S., Mathematics Department, Rajalakshmi Engineering College, Tamil Nadu, Chennai, 602105, India; Fadekemi O.J., Department of Mathematics and Computer Science, Alabama State University, United States"
"Fadhli R.; Rahmat B.; Ibrahim C.; Eka Kurnia B.","Fadhli, Rahmat (57221446837); Rahmat, Baiquni (58777427500); Ibrahim, Cecep (57221441193); Eka Kurnia, Berlian (58777035800)","57221446837; 58777427500; 57221441193; 58777035800","Uncovering patterns of author productivity in educational leadership and management in Indonesia: A bibliometric study using lotka’s law","2023","Record and Library Journal","2","10.20473/rlj.V9-I2.2023.306-318","https://www.scopus.com/pages/publications/85180491979?origin=resultslist","School of Computing and Information System, The University of Melbourne, Australia; Faculty of Education, Monash University, Australia; Department of Library and Information Science, Halu Oleo University, Indonesia; Main Library, Universitas Muhammadiyah Jember, Indonesia","Fadhli R., School of Computing and Information System, The University of Melbourne, Australia; Rahmat B., Faculty of Education, Monash University, Australia; Ibrahim C., Department of Library and Information Science, Halu Oleo University, Indonesia; Eka Kurnia B., Main Library, Universitas Muhammadiyah Jember, Indonesia"
"Harmanto; Setyawan H.; Hamsyah K.; Umar F.; Safrudin; Bahriyanto A.; Yeni M.; Ginting A.; Novita; Nurkadri; Darmawan A.; Gusliana H.B.; Pranoto N.W.; Pavlovic R.","Harmanto (57201196847); Setyawan, Hendra (58671015400); Hamsyah, Khairul (59152369400); Umar, Fadilah (59467525400); Safrudin (57212602218); Bahriyanto, Ahmad (59312000800); Yeni, Melda (59377123500); Ginting, Andarias (57226606639); Novita (60617708400); Nurkadri (57212312660); Darmawan, Arief (59936720500); Gusliana, H.B. (58932106700); Pranoto, Nuridin Widya (57224774817); Pavlovic, Ratko (55601723700)","57201196847; 58671015400; 59152369400; 59467525400; 57212602218; 59312000800; 59377123500; 57226606639; 60617708400; 57212312660; 59936720500; 58932106700; 57224774817; 55601723700","Article RETRACTED due to manipulation by the authors and citations Integrating citizenship education into secondary school physical education lessons in Indonesia: an approach to reducing character degradation; [Article RETRACTED due to manipulation by the authors and citations Integración de la educación para la ciudadanía en las clases de educación física de secundaria en Indonesia: un enfoque para reducir la degradación del carácter]","2024","Retos","10","10.47197/retos.v60.108758","https://www.scopus.com/pages/publications/85206985296?origin=resultslist","Universitas Negeri Surabaya, Indonesia; Universitas Negeri Yogyakarta, Indonesia; Universitas Sebelas Maret, Indonesia; Universitas Rokania, Indonesia; Universitas Muhammadiyah Jember, Indonesia; Universitas Islam Indragiri, Indonesia; Universitas Negeri Medan, Indonesia; Universitas Negeri Malang, Indonesia; Universitas Riau, Indonesia; Universitas Negeri Padang, Indonesia; University of East Sarajevo, Bosnia and Herzegovina","Harmanto, Universitas Negeri Surabaya, Indonesia; Setyawan H., Universitas Negeri Yogyakarta, Indonesia; Hamsyah K., Universitas Negeri Yogyakarta, Indonesia; Umar F., Universitas Sebelas Maret, Indonesia; Safrudin, Universitas Rokania, Indonesia; Bahriyanto A., Universitas Muhammadiyah Jember, Indonesia; Yeni M., Universitas Islam Indragiri, Indonesia; Ginting A., Universitas Negeri Medan, Indonesia; Novita, Universitas Negeri Medan, Indonesia; Nurkadri, Universitas Negeri Medan, Indonesia; Darmawan A., Universitas Negeri Malang, Indonesia; Gusliana H.B., Universitas Riau, Indonesia; Pranoto N.W., Universitas Negeri Padang, Indonesia; Pavlovic R., University of East Sarajevo, Bosnia and Herzegovina"
"Werdiningsih I.; Nurhadi K.; Widiati U.; Muniroh S.","Werdiningsih, Indah (56023952200); Nurhadi, Kardi (57918122000); Widiati, Utami (56270206600); Muniroh, Siti (57224197202)","56023952200; 57918122000; 56270206600; 57224197202","Integrating academic literacy into contemporary learning: What we learned from an Indonesian EFL classroom","2025","Issues in Educational Research","2","","https://www.scopus.com/pages/publications/105001739546?origin=resultslist","English Department, Universitas Muhammadiyah Jember, Indonesia; Department of English at the Faculty of Education, Universitas Negeri Malang and Universitas Wiralodra, Indonesia; Department of English, Faculty of Letters, Universitas Negeri Malang, Indonesia; Universiti Sultan Zainal Abidin, Malaysia; Department of English Language Education, Faculty of Letters, Universitas Negeri Malang (UM), Indonesia","Werdiningsih I., English Department, Universitas Muhammadiyah Jember, Indonesia; Nurhadi K., Department of English at the Faculty of Education, Universitas Negeri Malang and Universitas Wiralodra, Indonesia; Widiati U., Department of English, Faculty of Letters, Universitas Negeri Malang, Indonesia, Universiti Sultan Zainal Abidin, Malaysia; Muniroh S., Department of English Language Education, Faculty of Letters, Universitas Negeri Malang (UM), Indonesia"
"Amalia R.; Angin R.; Razak A.; Adiningtyas S.W.; Rusnila; Sebastian E.J.V.; Sholeha A.W.","Amalia, Riza (59261892100); Angin, Ria (57222131492); Razak, Ahmad (59347914900); Adiningtyas, Sri Wahyuni (59347780700); Rusnila (59346960900); Sebastian, Ethel Joy V. (59346961000); Sholeha, Adellia Wardatus (57222611888)","59261892100; 57222131492; 59347914900; 59347780700; 59346960900; 59346961000; 57222611888","Acute stroke care inequities: Cross-cultural insights and the need for multi-ethnic research","2024","Journal of the Neurological Sciences","0","10.1016/j.jns.2024.123256","https://www.scopus.com/pages/publications/85205237634?origin=resultslist","Department of Guidance & Counseling, Universitas Muhammadiyah Sampit, Jl. KH. Dewantara No.3, Sampit, Kotawaringin Timur, Central Kalimantan, Indonesia; Government Studies, Universitas Muhammadiyah Jember, Jl. Karimata, Jember, East Java, Indonesia; Faculty of Psychology, Universitas Negeri Makassar, Jl. Mapala Raya, No.1, Tidung, Makassar, South Sulawesi, Indonesia; Department of Guidance & Counseling, Universitas Riau Kepulauan, Jl. Pahlawan No: 99, Batam, Kepulauan Riau, Indonesia; Guidance & Counseling Department, Universitas Negeri Malang, Jl. Semarang No.5, Malang, East Java, Indonesia; College of Education, Nueva Ecija University of Science and Technology, Gen. Tinio Street, Quezon District, Cabanatuan City, Nueva Ecija, Philippines; Department of Geography, Universitas Negeri Malang, Jl. Semarang No.5, Malang, East Java, Indonesia","Amalia R., Department of Guidance & Counseling, Universitas Muhammadiyah Sampit, Jl. KH. Dewantara No.3, Sampit, Kotawaringin Timur, Central Kalimantan, Indonesia, Guidance & Counseling Department, Universitas Negeri Malang, Jl. Semarang No.5, Malang, East Java, Indonesia; Angin R., Government Studies, Universitas Muhammadiyah Jember, Jl. Karimata, Jember, East Java, Indonesia; Razak A., Faculty of Psychology, Universitas Negeri Makassar, Jl. Mapala Raya, No.1, Tidung, Makassar, South Sulawesi, Indonesia; Adiningtyas S.W., Department of Guidance & Counseling, Universitas Riau Kepulauan, Jl. Pahlawan No: 99, Batam, Kepulauan Riau, Indonesia, Guidance & Counseling Department, Universitas Negeri Malang, Jl. Semarang No.5, Malang, East Java, Indonesia; Rusnila, Guidance & Counseling Department, Universitas Negeri Malang, Jl. Semarang No.5, Malang, East Java, Indonesia; Sebastian E.J.V., College of Education, Nueva Ecija University of Science and Technology, Gen. Tinio Street, Quezon District, Cabanatuan City, Nueva Ecija, Philippines; Sholeha A.W., Department of Geography, Universitas Negeri Malang, Jl. Semarang No.5, Malang, East Java, Indonesia"
